{
    "storeId": 5533,
    "reportDate": "11/11/2020",
    "appName": "Connexus Pharmacy System",
    "store": "Wal-Mart Pharmacy10-5533",
    "reportName": "100 Day Drugs Not Used",
    "supplier": "WAL-MART PHARMACY WAREHOUSE",
    "header1": [
      {
        "label": "DESCRIPTION",
        "id": "description"
      },
      {
        "label": "NDC",
        "id": "ndc"
      },
      {
        "label": "Pack",
        "id": "pack"
      },
      {
        "label": "ITEM #",
        "id": "itemNumber"
      },
      {
        "label": "OnHand",
        "id": "onHand"
      },
      {
        "label": "Last Used",
        "id": "lastUsed"
      }
    ],
    "header2": [
      { "label": "SNo.", "id": "serialNumber" },
      { "label": "ITEM DESCR.", "id": "itemDescription" },
      { "label": "DEPT. 40#", "id": "department" },
      { "label": "NDC", "id": "ndc" },
      { "label": "QTY.RETURNED", "id": "qtyReturned" }
    ],
    "data": {
      "data1": [
        {
          "description": "ACCU-CHEK ACTIVE STP",
          "ndc": "50924047550",
          "pack": "50",
          "itemNumber": "4017445",
          "onHand": "20",
          "lastUsed": "03/07/2014"
        },
        {
            "description": "ACCU-CHEK AVIVA TES",
            "ndc": "65702010310",
            "pack": "50",
            "itemNumber": "4017110",
            "onHand": "30",
            "lastUsed": "01/20/2016"
          },
          {
            "description": "ACCU-CHEK ACTIVE PLUS STP",
            "ndc": "65702059110",
            "pack": "25",
            "itemNumber": "552821682",
            "onHand": "50",
            "lastUsed": "09/25/2014"
          },
          {
            "description": "ACCU-CHEK COMPACT PLUS STP",
            "ndc": "50924088401",
            "pack": "102",
            "itemNumber": "4019193",
            "onHand": "204",
            "lastUsed": "03/11/2015"
          },
          {
            "description": "ACETA/DIPHEN 500MG-25MG TAB",
            "ndc": "49035022301",
            "pack": "100",
            "itemNumber": "552820445",
            "onHand": "75",
            "lastUsed": "06/09/2020"
          },
          {
            "description": "ACETAMINO/CODEINE 300-60MG TAB",
            "ndc": "00406048501",
            "pack": "100",
            "itemNumber": "551172583",
            "onHand": "70",
            "lastUsed": "05/04/2020"
          }
      ],
      "data2": [
        {
          "serialNumber": "1",
          "itemDescription": "",
          "department": "",
          "ndc": "",
          "qtyReturned": ""
        },
        {
          "serialNumber": "2",
          "itemDescription": "",
          "department": "",
          "ndc": "",
          "qtyReturned": ""
        },
        {
          "serialNumber": "3",
          "itemDescription": "",
          "department": "",
          "ndc": "",
          "qtyReturned": ""
        },
        {
          "serialNumber": "4",
          "itemDescription": "",
          "department": "",
          "ndc": "",
          "qtyReturned": ""
        }
      ]
    }
  }
  