{
    "storeNumber": 5533,
    "reportDate": "11/12/2020",
    "drugName" : "OPIUM TIN",
    "ndc" : "42998-0203-01",
    "from": "10/01/2020",
    "to": "11/03/2020",
    "appName": "Connexus Pharmacy System",
    "store": "Wal-Mart Pharmacy10-5533",
    "reportName": "C-II Digital Logbook",
    "note":"**PRIVATE-IF YOU RECEIVE THIS REPORT IN ERROR, PLEASE RETURN TO WAL*MART PHARMACY IMMEDIATELY. WAL*MART STORES, INC.",
 
    "header": [
        {
            "label": "Transaction Type",
            "id": "transactionType"
        },
        {
            "label": "Date/Time",
            "id": "dateAndTime"
        },
        {
            "label": "CSOS or DEA 222 #",
            "id": "cssosOrDea222"
        },
        {
            "label": "PackingList or Mck Inv # ",
            "id": "packingListOrMckInv"
        },
        {
            "label": "Rx #",
            "id": "rx"
        },
        {
            "label": "Quantity",
            "id": "quantity"
        },
        {
            "label": "Balance",
            "id": "balance"
        },
        {
            "label": "User",
            "id": "user"
        },{
            "label": "Comments",
            "id": "comments"
        }
        
    ],
    "data": [
        {
            "transactionType": "CII Monthly Audit",
            "dateAndTime": "1/27/2019 7:20:23 PM",
            "cssosOrDea222": "",
            "packingListOrMckInv": "",
            "rx": 0,
            "quantity": "+ 0.00",
            "balance": 22,
            "user": "SAMAL3",
            "comments":""
        }, {
            "transactionType": "Negative Onhand Adjustment",
            "dateAndTime": "1/27/2019 7:20:23 PM",
            "cssosOrDea222": "",
            "packingListOrMckInv": "",
            "rx": 0,
            "quantity": "- 19.00",
            "balance": 22,
            "user": "SAMAL3",
            "comments":"Unknown"
        }, {
            "transactionType": "CII Monthly Audit",
            "dateAndTime": "11/19/2018 12:05:46 AM",
            "cssosOrDea222": "",
            "packingListOrMckInv": "",
            "rx": 0,
            "quantity": "+ 0.00",
            "balance": 41,
            "user": "BBOWERS",
            "comments":""
        }, {
            "transactionType": "Positive Onhand Adjustment",
            "dateAndTime": "11/19/2018 12:05:46 AM",
            "cssosOrDea222": "",
            "packingListOrMckInv": "",
            "rx": 0,
            "quantity": "+ 41.00",
            "balance": 41,
            "user": "BBOWERS",
            "comments":"Unknown"
        }, {
            "transactionType": "Rx Fill",
            "dateAndTime": "11/16/2018 2:58:56 AM",
            "cssosOrDea222": "",
            "packingListOrMckInv": "",
            "rx": 2202137 ,
            "quantity": "- 10.00",
            "balance": 0,
            "user": "KLBUTCH",
            "comments":""
        }
        
    ]
}