{
    "storeNumber": 5533,
    "reportDate": "11/23/2020",
    "appName": "Connexus Pharmacy System",
    "store": "Wal-Mart Pharmacy 10-5533",
    "reportName": "Cycle Count Report",
    "note": "***PRIVATE-IF YOU SEE THIS REPORT IN ERROR, PLEASE RETURN TO WAL-MART PHARMACY IMMEDIATELY***",
    "header": [
        {
            "label": "NDC",
            "id": "ndc"
        },
        {
            "label": "Drug Name",
            "id": "drugName"
        },
        {
            "label": "Dept",
            "id": "dept"
        },
        {
            "label": "Pack Size",
            "id": "packSize"
        },
        {
            "label": "Drug Schedule",
            "id": "drugSchedule"
        },
        {
            "label": "Create Date",
            "id": "createDate"
        },
        {
            "label": "Type",
            "id": "type"
        },
        {
            "label": "Enter Quantity",
            "id": "enterQuantity"
        }
    ],
    "data": [
        {
            "unique": 1,
            "ndc": "64376-0649-01",
            "drugName": "HYDROCO/ACETAMIN 7.5-300MG TAB",
            "dept": 38,
            "packSize": 100,
            "drugSchedule": 2,
            "createDate": "11/13/2020",
            "type": "CII BACKCOUNT",
            "enterQuantity": ""
        }
    ]
}