{
    "storeId": 5545,
    "reportDate": "11/04/2020",
    "appName": "Connexus Pharmacy System",
    "store": "Wal-Mart Pharmacy10-5545",
    "reportName": "100 Days Drugs Not Used Report",
     "summary":{
	       
		   "dateRange": "From : 09/09/2020 To 10/09/2020",
	       "nextFillDate": "09/09/2020",
           "DueDate":"11/12/2020",
           "supplier":"Wal-Mart Pharmacy WareHouse",
           "showPatientIndex": "N",
		   "showPrescriberIndex": "N",
		   "includeDeceasedPatientsData": "true",
           "complianceIndex": "Y",
           "header": [
            {
                "label": "lastFillDate",
                "data": "Last FillDate",
                "id":"FillDate"
                
            },
            {
                "label": "RX",
                "data": "RX #",
                "id":"RX"
            },
            {
                "label": "DrugName",
                "data": "DrugName",
                "id":"DrugName"
            },
			 {
                "label": "Qty",
                "data": "Qty",
                "id":"Quantity"
            },
            {
                "label": "Refill",
                "data": "Refill",
                "data1":"Auth/",
                "data2": "Remain",
                "id":"Refill"
            },
            {
                "label": "T/P",
                "data": "T/P",
                "id":"TP"
            },
            {
                "label": "patientPay",
                "data": "Patient Pay",
                "id":"Pay"
            }
        ],
        "data":[
            {
                "id":1,
                "FillDate":"11/04/2020",
                "RX":"6638870",
                "DrugName":"Cabergoline 0.5MG TAB",
                "Quantity":8,
                "Refill":"3/2",
                "TP":"Cash",
                "Pay":"$4.00"
            },
            {
                "id":2,
                "FillDate":"11/04/2020",
                "RX":"6638871",
                "DrugName":"Cabergoline 1MG TAB",
                "Quantity":10,
                "Refill":"7/2",
                "TP":"Credit",
                "Pay":"$6.00"
            },
            {
                "id":3,
                "FillDate":"11/04/2020",
                "RX":"6638872",
                "DrugName":"Cabergoline 1.5MG TAB",
                "Quantity":9,
                "Refill":"5/2",
                "TP":"Debt",
                "Pay":"$8.00"
            }
        ]
    }
    
   

}