{
    "storeId":5533,
    "startDate":"08/27/2020",
    "reportDate": "11/04/2020",
    "appName": "Connexus Pharmacy System",
    "store": "Wal-Mart Pharmacy10-5533",
    "reportName": "Order Completion Performance",
    "address":"5025 LOOP 410 NORTH 5025",
    "detail":"TRUTH OR CONSEQUENCE TRU COTulsa OK - 74008",
    "header":[
        {
            "id":"orderNum",
            "label":"Order #"
        },
        {
            "id":"rxNum",
            "label":"Rx #"
        },
        {
            "id":"fillID",
            "label":"Fill ID"
        },
        {
            "id":"priority",
            "label":"Priorty"
        },
        {
            "id":"dropOffDate",
            "label":"Drop-Off Date"
        },
        {
            "id":"dueDate",
            "label":"Due Date"
        },
        {
            "id":"completedDate",
            "label":"Completed Date"
        },
        {
            "id":"dropOffTime",
            "label":"Drop Off Time"
        },
        {
            "id":"dueTime",
            "label":"Due Time"
        },
        {
            "id":"completedTime",
            "label":"Completed Time"
        },
        {
            "id":"dueTimeModified",
            "label":"Due Time Modified"
        },
        {
            "id":"dueTimeMin",
            "label":"Due Time (Min)"
        }
    ],
    "data":[
        {
            "orderNum":"87832",
            "rxNum":"8808306",
            "fillID":"1143363",
            "priority":"Critical",
            "dropOffDate":"08/27/2020",
            "dueDate":"08/27/2020",
            "completedDate":"08/27/2020",
            "dropOffTime":"09:33",
            "dueTime":"09:49",
            "completedTime":"09:56",
            "dueTimeModified":"VN50PLR2",
            "dueTimeMin":"+7"
        },
        {
            "orderNum":"87834",
            "rxNum":"8808307",
            "fillID":"1143374",
            "priority":"In-Store",
            "dropOffDate":"08/28/2020",
            "dueDate":"08/28/2020",
            "completedDate":"08/28/2020",
            "dropOffTime":"00:50",
            "dueTime":"01:12",
            "completedTime":"01:34",
            "dueTimeModified":"N",
            "dueTimeMin":"+21"
        },
        {
            "orderNum":"87859",
            "rxNum":"8809327",
            "fillID":"1143351",
            "priority":"In-Store",
            "dropOffDate":"08/29/2020",
            "dueDate":"08/29/2020",
            "completedDate":"08/29/2020",
            "dropOffTime":"05:16",
            "dueTime":"05:38",
            "completedTime":"05:27",
            "dueTimeModified":"N",
            "dueTimeMin":"-10"
        },
        {
            "orderNum":"",
            "rxNum":"8809327",
            "fillID":"1143412",
            "priority":"In-Store",
            "dropOffDate":"08/29/2020",
            "dueDate":"08/29/2020",
            "completedDate":"08/29/2020",
            "dropOffTime":"05:16",
            "dueTime":"05:38",
            "completedTime":"05:27",
            "dueTimeModified":"N",
            "dueTimeMin":"-10"
        },
        {
            "orderNum":"87832",
            "rxNum":"8808306",
            "fillID":"1143633",
            "priority":"Critical",
            "dropOffDate":"08/30/2020",
            "dueDate":"08/30/2020",
            "completedDate":"08/30/2020",
            "dropOffTime":"09:33",
            "dueTime":"09:49",
            "completedTime":"09:56",
            "dueTimeModified":"N",
            "dueTimeMin":"+7"
        }
    ],
    "summary":{
        "petientExpect":16.00,
        "totalorder":89,
        "totalRxs":101,
        "orderRes":11.24,
        "rxRes":11.88,
        "firstAvailable":20.00,
        "sysCal":22,
        "orderPerformance":21,
        "orderPerformanceRes":22,
        "underDue":12,
        "ontime":73.33,
        "ontimeRes":72.22,
        "drivethruOnTime":0.00,
        "todayOnTimeRes":0.00,
        "criticalOnTime":0.00,
        "drcallinOneTime":0.00,
        "futureOnTime":100.00,
        "overDueTime":217,
        "underDueTime":146,
        "timeModified":4.49,
        "userId":[
            {
                "userId":"VN50PLR2",
                "num": 2
            },
            {
                "userId":"VN50PLR2",
                "num": 2
            },
            {
                "userId":"VN50PLR2",
                "num": 2
            }
        ]
    }
}