{
    "storeId": 5545,
    "reportDate": "11/04/2020",
    "appName": "Connexus Pharmacy System",
    "store": "Wal-Mart Pharmacy10-5533",
    "reportName": "WILL CALL BIN DETAIL REPORT",
    "header":[
            {
                "id":"patient",
                "label":"Patient"
            },
            {
                "id":"rx",
                "label":"Rx #"
            },
            {
                "id":"dispMethod",
                "label":"Dispensed Method"
            },
            {
                "id":"qty",
                "label":"Qty"
            },
            {
                "id":"dispensedItem",
                "label":"Dispensed Item"
            },
            {
                "id":"day",
                "label":"Day #"
            },
            {
                "id":"color",
                "label":"Color"
            },
            {
                "id":"bag",
                "label":"Bag #"
            },
            {
                "id":"pdc",
                "label":"PDC Score"
            },
            {
                "id":"price",
                "label":"Price"
            },
            {
                "id":"primaryIns",
                "label":"Primary Insurance"
            },
            {
                "id":"secondaryIns",
                "label":"Secondary Insurance"
            },
            {
                "id":"patientPhone",
                "label":"Patient Phone"
            }
    ],
    "data":[
        {
            "unique":1353456,
            "orderId": 4,
            "patient":"TEST, JOHN",
            "rx":4405787,
            "dispMethod":"COUNTER PICKUP",
            "qty":1,
            "dispensedItem":"BUTISOL SOD 300MG TAB",
            "day": 32,
            "color": "GY",
            "bag": 801,
            "pdc":"",
            "price": 5.04,
            "cost": 4.04,
            "primaryIns":"REM",
            "secondaryIns":"",
            "patientPhone": "(677)-345-2456",
            "patNotifyInd": 0,
            "newOrRefill": "N",
            "activityTs": "10-31-2020",
            "patientEnrolled": true,
            "rxCount": 0
        },
        {
            "unique":85356665,
            "orderId": 1,
            "patient":"TEST, JOHN",
            "rx":4405787,
            "dispMethod":"COUNTER PICKUP",
            "qty":1,
            "dispensedItem":"BUTISOL SOD 300MG TAB",
            "day": 184,
            "color": "GY",
            "bag": 801,
            "pdc":"",
            "price": 5.04,
            "cost": 4.04,
            "primaryIns":"REM",
            "secondaryIns":"",
            "patientPhone": "(677)-345-2456",
            "patNotifyInd": 0,
            "newOrRefill": "N",
            "activityTs": "11-05-2020",
            "patientEnrolled": true,
            "rxCount": 0
        },
        {
            "unique":9574953,
            "orderId": 2,
            "patient":"TEST, JOHN",
            "rx":4405787,
            "dispMethod":"COUNTER PICKUP",
            "qty":1,
            "dispensedItem":"BUTISOL SOD 300MG TAB",
            "day": 32,
            "color": "GY",
            "bag": 801,
            "pdc":"",
            "price": 5.04,
            "cost": 4.04,
            "primaryIns":"REM",
            "secondaryIns":"",
            "patientPhone": "(677)-345-2456",
            "patNotifyInd": 0,
            "newOrRefill": "N",
            "activityTs": "11-15-2020",
            "patientEnrolled": false,
            "rxCount": 0
        },
        {
            "unique":859563,
            "orderId": 4,
            "patient":"TEST, JOHN",
            "rx":4405787,
            "dispMethod":"COUNTER PICKUP",
            "qty":1,
            "dispensedItem":"BUTISOL SOD 300MG TAB",
            "day": 184,
            "color": "GY",
            "bag": 801,
            "pdc":"",
            "price": 5.04,
            "cost": 4.04,
            "primaryIns":"REM",
            "secondaryIns":"",
            "patientPhone": "(677)-345-2456",
            "patNotifyInd": 1,
            "newOrRefill": "R",
            "activityTs": "12-01-2020",
            "patientEnrolled": false,
            "rxCount": 0
        },
        {
            "unique":9465643,
            "orderId": 3,
            "patient":"TEST, JOHN",
            "rx":4405787,
            "dispMethod":"COUNTER PICKUP",
            "qty":1,
            "dispensedItem":"BUTISOL SOD 300MG TAB",
            "day": 120,
            "color": "GY",
            "bag": 801,
            "pdc":"",
            "price": 5.04,
            "cost": 4.04,
            "primaryIns":"REM",
            "secondaryIns":"",
            "patientPhone": "(677)-345-2456",
            "patNotifyInd": 1,
            "newOrRefill": "R",
            "activityTs": "11-10-2020",
            "patientEnrolled": true,
            "rxCount": 0
        },
        {
            "unique":9937456,
            "orderId": 2,
            "patient":"TEST, JOHN",
            "rx":4405787,
            "dispMethod":"COUNTER PICKUP",
            "qty":1,
            "dispensedItem":"BUTISOL SOD 300MG TAB",
            "day": 120,
            "color": "GY",
            "bag": 801,
            "pdc":"",
            "price": 5.04,
            "cost": 4.04,
            "primaryIns":"REM",
            "secondaryIns":"",
            "patientPhone": "(677)-345-2456",
            "patNotifyInd": 1,
            "newOrRefill": "N",
            "activityTs": "11-25-2020",
            "patientEnrolled": false,
            "rxCount": 0
        },
        {
            "unique":85346665,
            "orderId": 1,
            "patient":"TEST, JOHN",
            "rx":4405787,
            "dispMethod":"COUNTER PICKUP",
            "qty":1,
            "dispensedItem":"BUTISOL SOD 300MG TAB",
            "day": 120,
            "color": "GY",
            "bag": 801,
            "pdc":"",
            "price": 5.04,
            "cost": 4.04,
            "primaryIns":"REM",
            "secondaryIns":"",
            "patientPhone": "(677)-345-2456",
            "patNotifyInd": 0,
            "newOrRefill": "N",
            "activityTs": "10-10-2020",
            "patientEnrolled": true,
            "rxCount": 3
        }
    ]
}